id,volume,count
0,17576327690.321857,350
8,42615187701.75991,350
75,15523905536.000032,100
62,42615187701.75991,350
72,914911589826.56,350
