id,volume,count
0,33789000744.979996,103
1,20148162805.72,106
2,25555426754.6,95
3,20117834792.96,97
4,49228231065.66,128
5,45498990837.76,90
6,31176009728.0,95
7,26307192258.56,90
8,42746991493.119995,92
9,24153975275.519997,100
10,64812151357.44,100
11,47960601477.14,98
12,33169749934.08,103
13,37465557155.840004,97
14,17088627834.880001,92
15,58316288163.84,104
16,49664135168.02,97
17,82868280442.9,124
18,51703200153.600006,96
19,50872013209.560005,93
