id,volume,count
1,0.0820512820513,1
2,3.93846153846,2
3,0.328205128206,2
4,8.861538461544999,4
