id,volume,count
0,33524.184590000004,7
8,81282.01999999999,7
75,863555.25,7
79,259853.999,7
72,1745055.37,7
84,219741.04000000004,7
62,81282.01999999999,7
