id,volume,count
0,49727586140.16,104
1,25231250472.940002,94
2,18000411197.44,107
3,32078329200.64,89
4,54305981153.240005,102
5,23991397498.879997,98
6,33485655326.72,105
7,47820687605.8,103
8,35944419737.6,94
9,57858266726.4,84
10,47116418662.4,98
11,44000887193.560005,83
12,12706473984.0,102
13,911638773.76,102
14,71100701491.20001,94
15,86153191669.8,116
16,64199324139.52,115
17,25493143388.16,93
18,1152870236.1599998,117
19,55788214435.840004,100
