id,volume,count
0,31719698595.839996,97
1,27718053150.719997,104
2,7607303045.12,109
3,38839002480.64,99
4,43033292800.020004,92
5,32279193272.320004,90
6,66160525639.64,94
7,49119566888.96001,117
8,23055544647.68,116
9,66436675502.079994,85
10,104461439713.28,121
11,10906138623.960001,90
12,25909948497.92,107
13,45599913328.66,98
14,39615301304.32001,85
15,28813930414.079998,101
16,56340379156.479996,116
17,37229909360.64,101
18,47149972602.86,81
19,50900223836.2,97
