id,volume,count
0,17578258034.851963,450
97,22779118223.360096,350
135,923244953.5999992,350
8,42615187701.75991,350
105,810087874.5599995,350
75,452751654911.9979,350
79,136238333427.71251,350
72,914911589826.56,350
114,489387836047.3587,350
147,870150307.8399996,350
84,115207590379.51996,350
90,965248800522.2429,350
124,11668003225.600046,350
62,42615187701.75991,350
