id,volume,count
0,122160561029.09999,103
1,109959331594.31999,96
2,111147028070.38,124
3,107479565516.8,91
4,89542426951.66,86
